{"cameraMode":{"drawMode":0,"name":"Shaded","section":"Shading Mode"},"sceneLighting":false,"audioPlay":false,"sceneViewState":{"m_AlwaysRefresh":false,"showFog":true,"showSkybox":false,"showFlares":true,"showImageEffects":true,"showParticleSystems":true,"showVisualEffectGraphs":true,"m_FxEnabled":true},"in2DMode":false,"pivot":{"x":-27.429962158203126,"y":5.256743907928467,"z":18.677776336669923},"rotation":{"x":-0.08729161322116852,"y":-0.10024180263280869,"z":0.00739710871130228,"w":-0.9915657639503479},"size":13.543030738830567,"orthographic":false}