{"cameraMode":{"drawMode":0,"name":"Shaded","section":"Shading Mode"},"sceneLighting":false,"audioPlay":false,"sceneViewState":{"m_AlwaysRefresh":false,"showFog":true,"showSkybox":false,"showFlares":true,"showImageEffects":true,"showParticleSystems":true,"showVisualEffectGraphs":true,"m_FxEnabled":true},"in2DMode":false,"pivot":{"x":-0.19805993139743806,"y":0.0886961966753006,"z":1.2521463632583619},"rotation":{"x":0.2836731970310211,"y":0.5272271037101746,"z":-0.19236010313034059,"w":0.7776240706443787},"size":0.9168325662612915,"orthographic":false}