{"cameraMode":{"drawMode":0,"name":"Shaded","section":"Shading Mode"},"sceneLighting":false,"audioPlay":false,"sceneViewState":{"m_AlwaysRefresh":false,"showFog":true,"showSkybox":false,"showFlares":true,"showImageEffects":true,"showParticleSystems":true,"showVisualEffectGraphs":true,"m_FxEnabled":true},"in2DMode":false,"pivot":{"x":-0.21944762766361237,"y":0.21063865721225739,"z":1.5108799934387208},"rotation":{"x":0.017341211438179017,"y":0.9818741679191589,"z":-0.11123387515544892,"w":0.15289856493473054},"size":1.4977790117263795,"orthographic":false}